Dataset,count,mean,std,skewness,kurtosis
MetrLA,34272,58.36783204562422,10.512708737654387,-2.5340722552044475,13.184498450228842
PemsBay,52128,62.62053050114558,8.55631107036884,-2.992394638162608,15.073551146218977
AirQuality(36),8759,84.46082401275635,75.65083270602756,1.6105773408022868,3.1578557658815094
